id,prov_id,provenance_url
dc/base/INPE_Fire_Event_Count,dc/base/INPE_Fire_Event_Count,https://terrabrasilis.dpi.inpe.br/queimadas/situacao-atual/estatisticas/estatisticas_estados/
dc/base/Brazil_SIDRA_IBGE,dc/base/Brazil_SIDRA_IBGE,https://sidra.ibge.gov.br/home/pnadct
dc/base/crdc_instructional_wifi_devices,dc/base/crdc_instructional_wifi_devices,https://civilrightsdata.ed.gov/data
dc/base/DynamicWorld_FloodEvents_Places_AutoRefresh,dc/base/DynamicWorld_FloodEvents_Places_AutoRefresh,https://developers.google.com/earth-engine/datasets/catalog/GOOGLE_DYNAMICWORLD_V1
dc/base/EuroStatHealth_BodyMassIndex,dc/base/EuroStatHealth_BodyMassIndex,https://ec.europa.eu/eurostat/web/main/data/database
dc/base/EuroStatHealth_SocialEnvironment,dc/base/EuroStatHealth_SocialEnvironment,https://ec.europa.eu/eurostat/web/main/data/database
dc/base/EurostatHealth_Tobacco_Consumption,dc/base/EurostatHealth_Tobacco_Consumption,https://ec.europa.eu/eurostat/web/main/data/database
dc/base/EuroStatHealth_PhysicalActivity,dc/base/EuroStatHealth_PhysicalActivity,https://ec.europa.eu/eurostat/web/health/database
dc/base/EuroStatHealth_FruitsAndVegetables,dc/base/EuroStatHealth_FruitsAndVegetables,https://ec.europa.eu/eurostat/web/main/data/database
dc/base/EurostatData_Employment_Per_Sector,dc/base/EurostatData_Employment_Per_Sector,https://ec.europa.eu/eurostat/databrowser/view/nama_10r_3empers/default/table?lang=en
dc/base/EurostatData_PopulationDensity,dc/base/EurostatData_PopulationDensity,https://ec.europa.eu/eurostat/databrowser/view/demo_r_d3dens/default/table?lang=en
dc/base/EurostatData_Education_Attainment,dc/base/EurostatData_Education_Attainment,https://ec.europa.eu/eurostat/databrowser/view/edat_lfse_04/default/table?lang=en
dc/base/EurostatData_Education_Enrollment,dc/base/EurostatData_Education_Enrollment,https://ec.europa.eu/eurostat/databrowser/view/trng_lfse_04/default/table?lang=en
dc/base/EurostatData_Demographic_Balance_Crude_Rates,dc/base/EurostatData_Demographic_Balance_Crude_Rates,https://ec.europa.eu/eurostat/databrowser/view/demo_r_gind3/default/table?lang=en
dc/base/EurostatData_Fertility,dc/base/EurostatData_Fertility,https://ec.europa.eu/eurostat/databrowser/view/demo_r_find3/default/table?lang=en
dc/base/EurostatData_LifeExpectancy,dc/base/EurostatData_LifeExpectancy,https://ec.europa.eu/eurostat/databrowser/view/demo_r_mlifexp/default/table?lang=en
dc/base/EurostatData_GDP,dc/base/EurostatData_GDP,https://ec.europa.eu/eurostat/databrowser/view/nama_10r_3gdp/default/table?lang=en
dc/base/USFEMA_FloodInsuranceClaims,dc/base/USFEMA_FloodInsuranceClaims,https://www.fema.gov/openfema-data-page/fima-nfip-redacted-claims-v2
dc/base/USFEMA_NationalRiskIndex,dc/base/USFEMA_NationalRiskIndex,https://hazards.fema.gov/nri/
dc/base/Google_COVID19Mobility,dc/base/Google_COVID19Mobility,https://www.google.com/covid19/mobility/
dc/base/Google_SustainabilityFinancialIncentives,dc/base/Google_SustainabilityFinancialIncentives,https://www.google.com
dc/base/Mongolia_Employment,dc/base/Mongolia_Employment,https://www.1212.mn/en/statcate
dc/base/Mongolia_Demographics,dc/base/Mongolia_Demographics,https://www.1212.mn/en/statcate
dc/base/Mongolia_Health,dc/base/Mongolia_Health,https://www.1212.mn/en/statcate
dc/base/Mongolia_Education,dc/base/Mongolia_Education,https://www.1212.mn/en/statcate
dc/base/NewYork_Education,dc/base/NewYork_Education,https://data.cityofnewyork.us/browse?category=Education
dc/base/NewYorkUniversity_Diabetes,dc/base/NewYorkUniversity_Diabetes,https://www.health.ny.gov/statistics/prevention/injury_prevention/information_for_action/
dc/base/US_SAT_ACT_Participation,dc/base/US_SAT_ACT_Participation,https://ocrdata.ed.gov/
dc/base/US_UrbanSchool_Enrollment,dc/base/US_UrbanSchool_Enrollment,https://ocrdata.ed.gov/
dc/base/US_Urban_MathsAndScience_Course_Enrollment,dc/base/US_Urban_MathsAndScience_Course_Enrollment,https://civilrightsdata.ed.gov/data
dc/base/US_Urban_Schools_Teachers_And_Staff,dc/base/US_Urban_Schools_Teachers_And_Staff,https://ocrdata.ed.gov/
dc/base/US_SAT_ACT_Participation_state,dc/base/US_SAT_ACT_Participation_state,https://ocrdata.ed.gov/
dc/base/US_UrbanSchool_Finances,dc/base/US_UrbanSchool_Finances,https://ocrdata.ed.gov/data
dc/base/OECDRegionalDemography_LifeExpectancy,dc/base/OECDRegionalDemography_LifeExpectancy,https://data-explorer.oecd.org/vis?df[ds]=DisseminateFinalDMZ&df[id]=DSD_REG_DEMO%40DF_LIFE_EXP&df[ag]=OECD.CFE.EDS&df[vs]=2.0&dq=A.......&pd=%2C&to[TIME_PERIOD]=false&vw=tb
dc/base/OECDRegionalDemography_Mortality,dc/base/OECDRegionalDemography_Mortality,https://stats.oecd.org/Index.aspx?DataSetCode=REGION_DEMOGR#
dc/base/OECDRegionalDemography_Population,dc/base/OECDRegionalDemography_Population,https://data-explorer.oecd.org/vis?fs[0]=Topic%2C0%7CRegional%252C%20rural%20and%20urban%20development%23GEO%23&pg=40&fc=Topic&bp=true&snb=117&df[ds]=dsDisseminateFinalDMZ&df[id]=DSD_REG_DEMO%40DF_POP_5Y&df[ag]=OECD.CFE.EDS&df[vs]=2.0&dq=A.......&to[TIME_PERIOD]=false&vw=tb&pd=%2C
dc/base/OECDRegionalDemography_PopulationDensity,dc/base/OECDRegionalDemography_PopulationDensity,https://data-explorer.oecd.org/vis?pg=0&snb=1&tm=pop%20density&df[ds]=dsDisseminateFinalDMZ&df[id]=DSD_REG_DEMO%40DF_DENSITY&df[ag]=OECD.CFE.EDS&df[vs]=2.0&dq=A.......&pd=%2C&to[TIME_PERIOD]=false&vw=tb
dc/base/OECDRegionalEducation,dc/base/OECDRegionalEducation,https://stats.oecd.org/Index.aspx?DataSetCode=REGION_EDUCAT
dc/base/India_RBI_State_Statistics,dc/base/India_RBI_State_Statistics,https://rbi.org.in/
dc/base/India_RBIStateDomesticProduct,dc/base/India_RBIStateDomesticProduct,https://rbi.org.in/
dc/base/Zurich_Population_By_Origin,dc/base/Zurich_Population_By_Origin,https://www.stadt-zuerich.ch/content/dam/web/de/politik-verwaltung/statistik-und-daten/linked-open-data/datacommons/bev_3903_hel_wiki.csv
dc/base/Zurich_Population,dc/base/Zurich_Population,https://www.stadt-zuerich.ch/content/dam/web/de/politik-verwaltung/statistik-und-daten/linked-open-data/datacommons/bev_3240_wiki.csv
dc/base/Zurich_Population_Number_Of_Company_Workplace_Employees,dc/base/Zurich_Population_Number_Of_Company_Workplace_Employees,https://www.stadt-zuerich.ch/content/dam/web/de/politik-verwaltung/statistik-und-daten/linked-open-data/datacommons/wir_2552_wiki.csv
dc/base/Zurich_Population_Number_Of_Birth_By_Origin,dc/base/Zurich_Population_Number_Of_Birth_By_Origin,https://www.stadt-zuerich.ch/content/dam/web/de/politik-verwaltung/statistik-und-daten/linked-open-data/datacommons/bev_4031_hel_wiki.csv
dc/base/Zurich_Population_By_Sex,dc/base/Zurich_Population_By_Sex,https://www.stadt-zuerich.ch/content/dam/web/de/politik-verwaltung/statistik-und-daten/linked-open-data/datacommons/bev_3903_sex_wiki.csv
dc/base/Zurich_Population_By_Age,dc/base/Zurich_Population_By_Age,https://www.stadt-zuerich.ch/content/dam/web/de/politik-verwaltung/statistik-und-daten/linked-open-data/datacommons/bev_3903_age10_wiki.csv
dc/base/Zurich_Population_Number_Of_Birth,dc/base/Zurich_Population_Number_Of_Birth,https://www.stadt-zuerich.ch/content/dam/web/de/politik-verwaltung/statistik-und-daten/linked-open-data/datacommons/bev_4031_wiki.csv
dc/base/Zurich_Population_Number_Of_Birth_By_Sex,dc/base/Zurich_Population_Number_Of_Birth_By_Sex,https://www.stadt-zuerich.ch/content/dam/web/de/politik-verwaltung/statistik-und-daten/linked-open-data/datacommons/bev_4031_sex_wiki.csv
dc/base/Finland_Census,dc/base/Finland_Census,https://pxdata.stat.fi/PxWeb/pxweb/en/StatFin/StatFin__vaerak/statfin_vaerak_pxt_11ra.px/table/tableViewLayout1/
dc/base/New_Zealand_Census,dc/base/New_Zealand_Census,https://www.stats.govt.nz/
dc/base/UNEnergy,dc/base/UNEnergy,https://unstats.un.org/unsd/energystats/data/
dc/base/USBTS_Tract_Household_Transportation,dc/base/USBTS_Tract_Household_Transportation,https://www.bts.dot.gov/latch/latch-data
dc/base/CensusSAIPE,dc/base/CensusSAIPE,https://www.census.gov/programs-surveys/saipe.html
dc/base/EPAAirQualityIndex,dc/base/EPAAirQualityIndex,https://aqs.epa.gov/aqsweb/airdata/download_files.html
dc/base/EPA_EJSCREEN,dc/base/EPA_EJSCREEN,https://gaftp.epa.gov/EJSCREEN/
dc/base/EarthquakeUSGS,dc/base/EarthquakeUSGS,https://earthquake.usgs.gov/
dc/base/BEA_USStatesQuarterlyGDP,dc/base/BEA_USStatesQuarterlyGDP,https://www.bea.gov/data/gdp/gdp-state
dc/base/USNationalPrisonerStatistics,dc/base/USNationalPrisonerStatistics,https://www.bjs.gov/index.cfm?ty=dcdetail&iid=269
dc/base/US_CPI,dc/base/US_CPI,https://www.bls.gov/cpi/
dc/base/BLS_CPI,dc/base/BLS_CPI,https://www.bls.gov/cpi/
dc/base/BLS_CPI_Category,dc/base/BLS_CPI_Category,https://www.bls.gov/cpi/
dc/base/BLS_CES_State,dc/base/BLS_CES_State,https://www.bls.gov/sae/overview.htm
dc/base/BLS_CES,dc/base/BLS_CES,https://www.bls.gov/ces/
dc/base/BLS_JOLTS,dc/base/BLS_JOLTS,https://www.bls.gov/jlt/
dc/base/BLS_CPS,dc/base/BLS_CPS,https://www.bls.gov/cps/
dc/base/CensusSuperTMCFTable_ECNBASIC2012_EC1200A1,dc/base/CensusSuperTMCFTable_ECNBASIC2012_EC1200A1,https://data.census.gov/api/access/table/download
dc/base/USCensusGeos_SurfaceArea,dc/base/USCensusGeos_SurfaceArea,https://www.census.gov/geographies/reference-files.html
dc/base/USCensusPEP_By_SexRaceHispanicOrigin,dc/base/USCensusPEP_By_SexRaceHispanicOrigin,https://www.census.gov/programs-surveys/popest.html
dc/base/CensusPEP,dc/base/CensusPEP,https://www.census.gov/programs-surveys/popest.html
dc/base/USCensusPEP_Annual_Population,dc/base/USCensusPEP_Annual_Population,https://www.census.gov/programs-surveys/popest.html
dc/base/USCensusPEP_Sex,dc/base/USCensusPEP_Sex,https://www.census.gov/programs-surveys/popest.html
dc/base/USCensusPEP_PopulationEstimatebyRace,dc/base/USCensusPEP_PopulationEstimatebyRace,https://www.census.gov/programs-surveys/popest.html
dc/base/USCensusPEP_AgeSexRaceHispanicOrigin,dc/base/USCensusPEP_AgeSexRaceHispanicOrigin,https://www2.census.gov/programs-surveys/popest/tables
dc/base/USCensusPEP_AgeSexRace,dc/base/USCensusPEP_AgeSexRace,https://www2.census.gov/programs-surveys/popest/tables
dc/base/USCensusPEP_MonthlyPopulation,dc/base/USCensusPEP_MonthlyPopulation,https://www.census.gov/programs-surveys/popest.html
dc/base/USCensusPEP_By_Sex_Race,dc/base/USCensusPEP_By_Sex_Race,https://www.census.gov/programs-surveys/popest.html
dc/base/CensusSAHIE,dc/base/CensusSAHIE,https://www.census.gov/programs-surveys/sahie.html
dc/base/CDC_Social_Vulnerability_Index,dc/base/CDC_Social_Vulnerability_Index,https://www.atsdr.cdc.gov/place-health/php/svi/svi-data-documentation-download.html?CDC_AAref_Val=https://www.atsdr.cdc.gov/placeandhealth/svi/data_documentation_download.html
dc/base/NCHS_BRFSS_Asthma,dc/base/NCHS_BRFSS_Asthma,https://www.cdc.gov/asthma/brfss/default.htm
dc/base/CDC_StandardizedPrecipitationIndex,dc/base/CDC_StandardizedPrecipitationIndex,https://data.cdc.gov/Environmental-Health-Toxicology/Standardized-Precipitation-Index-1895-2016/xbk2-5i4e
dc/base/CDC_OzoneCensusTract,dc/base/CDC_OzoneCensusTract,https://data.cdc.gov/browse?category=Environmental+Health+%26+Toxicology
dc/base/CDC_PalmerDroughtSeverityIndex,dc/base/CDC_PalmerDroughtSeverityIndex,https://data.cdc.gov/Environmental-Health-Toxicology/Palmer-Drought-Severity-Index-1895-2016/en5r-5ds4
dc/base/CDC_PM25County,dc/base/CDC_PM25County,https://data.cdc.gov/Environmental-Health-Toxicology/Daily-County-Level-PM2-5-Concentrations-2001-2019/dqwm-pbi7/about_data
dc/base/CDC_StandardizedPrecipitationEvapotranspirationIndex,dc/base/CDC_StandardizedPrecipitationEvapotranspirationIndex,https://data.cdc.gov/Environmental-Health-Toxicology/Standardized-Precipitation-Evapotranspiration-Inde/6nbv-ifib
dc/base/CDC_PM25CensusTract,dc/base/CDC_PM25CensusTract,https://data.cdc.gov/browse?category=Environmental+Health+%26+Toxicology
dc/base/CDC_OzoneCounty,dc/base/CDC_OzoneCounty,https://data.cdc.gov/browse?category=Environmental+Health+%26+Toxicology&sortBy=last_modified&page=1
dc/base/EPHHeatRelatedIllness,dc/base/EPHHeatRelatedIllness,https://ephtracking.cdc.gov/qrlist/35
dc/base/CDCWonder_NNDSS_Infectious_Weekly,dc/base/CDCWonder_NNDSS_Infectious_Weekly,https://data.cdc.gov/api/views/x9gk-5huc/rows.csv?accessType=DOWNLOAD&api_foundry=true
dc/base/CDC_NORS_NonInfectious,dc/base/CDC_NORS_NonInfectious,https://wwwn.cdc.gov/norsdashboard/
dc/base/CDC500_States,dc/base/CDC500_States,https://www.cdc.gov/places/index.html
dc/base/US_CDC_PRAMS,dc/base/US_CDC_PRAMS,https://www.cdc.gov/prams/prams-data/
dc/base/usa_child_birth,dc/base/usa_child_birth,https://www.cdc.gov/nchs/nvss/vsrr/provisional-tables.htm
dc/base/Commerce_EDA,dc/base/Commerce_EDA,https://www.commerce.gov/bureaus-and-offices/eda
dc/base/Commerce_NTIA,dc/base/Commerce_NTIA,https://www.ntia.gov/other-publication/2022/digital-nation-data-explorer#sel=homeEverOnline&demo=race&pc=count&disp=both
dc/base/USDA_AgricultureSurvey,dc/base/USDA_AgricultureSurvey,https://quickstats.nass.usda.gov/
dc/base/USDA_AgricultureCensus,dc/base/USDA_AgricultureCensus,https://www.nass.usda.gov/AgCensus/
dc/base/HUD_IncomeLimits,dc/base/HUD_IncomeLimits,https://www.huduser.gov/portal/datasets/il.html
dc/base/USDOL_ETA539,dc/base/USDOL_ETA539,https://oui.doleta.gov/unemploy/
dc/base/EIA_NuclearOutages,dc/base/EIA_NuclearOutages,https://www.eia.gov/opendata/qb.php?category=2889994
dc/base/EIA_International,dc/base/EIA_International,https://www.eia.gov/opendata/qb.php?category=2134384
dc/base/EIA_NaturalGas,dc/base/EIA_NaturalGas,https://www.eia.gov/opendata/qb.php?category=714804
dc/base/EIA_Electricity,dc/base/EIA_Electricity,https://www.eia.gov/opendata/browser/electricity
dc/base/EIA_TotalEnergy,dc/base/EIA_TotalEnergy,https://www.eia.gov/opendata/qb.php?category=711224
dc/base/EIA_Petroleum,dc/base/EIA_Petroleum,https://www.eia.gov/opendata/qb.php?category=714755
dc/base/FBIGovCrime,dc/base/FBIGovCrime,http://www.fbi.gov/services/cjis/ucr
dc/base/USFed_ConstantMaturityRates,dc/base/USFed_ConstantMaturityRates,https://www.federalreserve.gov/releases/h15/
dc/base/US_Federal_Rates,dc/base/US_Federal_Rates,https://www.federalreserve.gov/DataDownload/Choose.aspx?rel=H15
dc/base/NCES_NationsReportCard,dc/base/NCES_NationsReportCard,https://nces.ed.gov/nationsreportcard/
dc/base/NCES_SchoolDistrictStats,dc/base/NCES_SchoolDistrictStats,https://nces.ed.gov/ccd/elsi/tableGenerator.aspx
dc/base/NCES_PublicSchoolStats,dc/base/NCES_PublicSchoolStats,https://nces.ed.gov/ccd/elsi/tableGenerator.aspx
dc/base/NCES_SchoolDistrict,dc/base/NCES_SchoolDistrict,https://nces.ed.gov/ccd/elsi/tableGenerator.aspx
dc/base/NCES_PublicSchool,dc/base/NCES_PublicSchool,https://nces.ed.gov/ccd/elsi/tableGenerator.aspx
dc/base/NCES_Bachelors_Degree_By_Field_Import,dc/base/NCES_Bachelors_Degree_By_Field_Import,https://nces.ed.gov
dc/base/NCES_HBCU_Enrollment_Import,dc/base/NCES_HBCU_Enrollment_Import,https://nces.ed.gov/programs/digest/d22/tables/dt22_313.30.asp
dc/base/NCES_PrivateSchoolStats,dc/base/NCES_PrivateSchoolStats,https://nces.ed.gov/ccd/elsi/tableGenerator.aspx
dc/base/NCES_STEM_Degrees_Import,dc/base/NCES_STEM_Degrees_Import,https://nces.ed.gov/programs/digest/d22/tables/dt22_318.45.asp
dc/base/US_CCD_Enrollment,dc/base/US_CCD_Enrollment,https://nces.ed.gov/programs/digest/d24/tables/dt24_203.65.asp
dc/base/FARS_CrashNodes,dc/base/FARS_CrashNodes,https://www.nhtsa.gov/file-downloads?p=nhtsa/downloads/FARS/
dc/base/FARS_CrashData,dc/base/FARS_CrashData,https://www.nhtsa.gov/file-downloads?p=nhtsa/downloads/FARS/
dc/base/NOAA_GPCC_StandardardizedPrecipitationIndex_Event_Places,dc/base/NOAA_GPCC_StandardardizedPrecipitationIndex_Event_Places,https://www.drought.gov/data-maps-tools/global-precipitation-climatology-centre-gpcc-standardized-precipitation-index-spi
dc/base/NOAA_GPCC_StandardardizedPrecipitationIndex_Event,dc/base/NOAA_GPCC_StandardardizedPrecipitationIndex_Event,https://www.drought.gov/data-maps-tools/global-precipitation-climatology-centre-gpcc-standardized-precipitation-index-spi
dc/base/NOAA_GlobalForecastSystem,dc/base/NOAA_GlobalForecastSystem,https://nomads.ncep.noaa.gov/pub/data/nccf/com/gfs/prod/
dc/base/NCSES_Employed_College_Grads_Import,dc/base/NCSES_Employed_College_Grads_Import,https://ncsesdata.nsf.gov/explorer/datatables?term=race&exactMatch=no&page=1&filterSuperTopic=Demographics&filterTopic=Sex&datatablespage=2
dc/base/NCSES_Research_Doctorate_Recipients_Import,dc/base/NCSES_Research_Doctorate_Recipients_Import,https://ncses.nsf.gov/pubs/nsf23300/data-tables
dc/base/NCSES_Demographics_SEH_Import,dc/base/NCSES_Demographics_SEH_Import,https://ncses.nsf.gov/pubs/nsf25316
dc/base/NCSES_Median_Annual_Salary_Import,dc/base/NCSES_Median_Annual_Salary_Import,https://ncses.nsf.gov/pubs/nsf23306#section13069
dc/base/WorldBank_CommodityMarket,dc/base/WorldBank_CommodityMarket, https://www.worldbank.org/en/research/commodity-markets
dc/base/WorldDevelopmentIndicators,dc/base/WorldDevelopmentIndicators,https://datatopics.worldbank.org/world-development-indicators/
dc/base/IndiaGeoCoordinates_Simplified,dc/base/IndiaGeoCoordinates_Simplified,http://projects.datameet.org/maps
dc/base/FloodsS2Cells,dc/base/FloodsS2Cells,https://s2geometry.io/resources/s2cell_statistics.html
dc/base/FiresS2Cells,dc/base/FiresS2Cells,https://s2geometry.io/resources/s2cell_statistics.html
dc/base/AustraliaGeoCoordinates,dc/base/AustraliaGeoCoordinates,https://www.abs.gov.au/statistics/standards/australian-statistical-geography-standard-asgs-edition-3/jul2021-jun2026/access-and-downloads/digital-boundary-files
dc/base/BaseSchema,dc/base/BaseSchema,https://datacommons.org
dc/base/IndiaGeoCoordinates,dc/base/IndiaGeoCoordinates,http://projects.datameet.org/maps
dc/base/EurostatGeoCoodinates,dc/base/EurostatGeoCoodinates,https://ec.europa.eu/eurostat/web/gisco/geodata/reference-data/administrative-units-statistical-units/nuts
dc/base/EuroGeos,dc/base/EuroGeos,https://ec.europa.eu/eurostat/web/gisco/geodata/reference-data/administrative-units-statistical-units/nuts
dc/base/GeoBoundaries_Guinea,dc/base/GeoBoundaries_Guinea,https://github.com/wmgeolab/geoBoundaries/tree/main/releaseData/gbOpen
dc/base/GeoBoundaries_Romania,dc/base/GeoBoundaries_Romania,https://github.com/wmgeolab/geoBoundaries/tree/main/releaseData/gbOpen/ROU/ADM1
dc/base/GeoBoundaries_Niger_ADM2,dc/base/GeoBoundaries_Niger_ADM2,https://github.com/wmgeolab/geoBoundaries/tree/main/releaseData/gbOpen/NER/ADM2
dc/base/GeoBoundaries_NewZealand_ADM2,dc/base/GeoBoundaries_NewZealand_ADM2,https://github.com/wmgeolab/geoBoundaries/tree/main/releaseData/gbOpen/NZL/ADM2
dc/base/GeoBoundaries_NewZealand,dc/base/GeoBoundaries_NewZealand,https://github.com/wmgeolab/geoBoundaries/tree/main/releaseData/gbOpen
dc/base/GeoBoundaries_Afghanistan,dc/base/GeoBoundaries_Afghanistan,https://github.com/wmgeolab/geoBoundaries/tree/main/releaseData/gbOpen
dc/base/IndiaUDISEGeos,dc/base/IndiaUDISEGeos,http://pgi.seshagun.gov.in/BackEnd-master/api/report/getMasterData
dc/base/IndiaUDISEStateMappings,dc/base/IndiaUDISEStateMappings,http://pgi.seshagun.gov.in/BackEnd-master/api/report/getMasterData
dc/base/IndiaLGDCodes,dc/base/IndiaLGDCodes,https://lgdirectory.gov.in/downloadDirectory.do?OWASP_CSRFTOKEN=G4BW-2HK0-ZHUD-605W-VA1F-EAC8-M9J0-W4S5
dc/base/IndiaWaterQualityStations,dc/base/IndiaWaterQualityStations,https://indiawris.gov.in/wris
dc/base/GeoCoordinatesData_Oceans,dc/base/GeoCoordinatesData_Oceans,https://www.marineregions.org/sources.php#goas
dc/base/GeoGridPlace_1Deg_Contains_With_Oceans,dc/base/GeoGridPlace_1Deg_Contains_With_Oceans,https://www.marineregions.org/sources.php#goas
dc/base/GeoCoordinatesData,dc/base/GeoCoordinatesData,https://www.census.gov/geographies/reference-files/time-series/geo/gazetteer-files.2018.html
dc/base/GeoCoordinatesData_Simplified,dc/base/GeoCoordinatesData_Simplified,https://www.census.gov/geographies/reference-files/time-series/geo/gazetteer-files.2018.html
dc/base/BaseGeos,dc/base/BaseGeos,https://www.census.gov/geographies/reference-files.html
dc/base/IPCCPlaces,dc/base/IPCCPlaces,https://www.nccs.nasa.gov/services/data-collections/land-based-products/nex-gddp
dc/base/NCES_PrivateSchool,dc/base/NCES_PrivateSchool,https://nces.ed.gov/ccd/elsi/tableGenerator.aspx
dc/base/ABCDAntibodyAtlas,dc/base/ABCDAntibodyAtlas,https://web.expasy.org/abcd/
dc/base/RFFGridGeos,dc/base/RFFGridGeos,https://www.rff.org/publications/data-tools/
dc/base/S2Cells,dc/base/S2Cells,https://s2geometry.io/resources/s2cell_statistics.html
dc/base/DataCommons_CoverageStats,dc/base/DataCommons_CoverageStats,https://datacommons.org
dc/base/Energy_StatVarCalculation,dc/base/Energy_StatVarCalculation,https://datacommons.org/
dc/base/MolecularINTeractionDatabase,dc/base/MolecularINTeractionDatabase,https://mint.bio.uniroma2.it/
dc/base/OCHAGeoCoordinates_Monaco,dc/base/OCHAGeoCoordinates_Monaco,https://data.humdata.org/dataset/whosonfirst-data-admin-mco
dc/base/OCHAGeoCoordinates_Liechtenstein,dc/base/OCHAGeoCoordinates_Liechtenstein,https://data.humdata.org/dataset/whosonfirst-data-admin-lie
dc/base/OCHAGeoCoordinates_Portugal,dc/base/OCHAGeoCoordinates_Portugal,https://data.humdata.org/dataset/whosonfirst-data-admin-prt
dc/base/PlaceIdDcidMappings,dc/base/PlaceIdDcidMappings,https://www.google.com
dc/base/IndiaNSS_HealthAilments_StatVarAgg,dc/base/IndiaNSS_HealthAilments_StatVarAgg,https://ndap.niti.gov.in/dataset/7300
dc/base/ICTV_MasterSpeciesList,dc/base/ICTV_MasterSpeciesList,https://ictv.global/msl
dc/base/ICTV_VirusMetadataResource,dc/base/ICTV_VirusMetadataResource,https://ictv.global/vmr
dc/base/DiseasesJensenLab_Textmining,dc/base/DiseasesJensenLab_Textmining,https://download.jensenlab.org/human_disease_textmining_full.tsv
dc/base/US_CRDC_Schools_Directory,dc/base/US_CRDC_Schools_Directory,https://ocrdata.ed.gov/data
dc/base/PharmGKB_Primary_Data,dc/base/PharmGKB_Primary_Data,https://www.pharmgkb.org/
dc/base/India_RBIStateDomesticProduct_StatVarAgg_AggCountry,dc/base/India_RBIStateDomesticProduct_StatVarAgg_AggCountry,https://rbi.org.in/
dc/base/India_RBIStateDomesticProduct_AggCountry,dc/base/India_RBIStateDomesticProduct_AggCountry,https://rbi.org.in/
dc/base/India_RBIStateDomesticProduct_StatVarAgg,dc/base/India_RBIStateDomesticProduct_StatVarAgg,https://rbi.org.in/
dc/base/ZurichGeoImport_ADM2,dc/base/ZurichGeoImport_ADM2,https://data.stadt-zuerich.ch/dataset/geo_stadtkreise
dc/base/WikidataGeo_Zurich_ADM1,dc/base/WikidataGeo_Zurich_ADM1,https://en.wikipedia.org/wiki/Subdivisions_of_Zurich
dc/base/WikidataGeo_Zurich_ADM2,dc/base/WikidataGeo_Zurich_ADM2,https://en.wikipedia.org/wiki/Subdivisions_of_Zurich
dc/base/ZurichGeoImport_ADM3,dc/base/ZurichGeoImport_ADM3,https://data.stadt-zuerich.ch/dataset/geo_stadtkreise
dc/base/DeepSolar_AggCensusTract_AggCounty,dc/base/DeepSolar_AggCensusTract_AggCounty,http://web.stanford.edu/group/deepsolar/home
dc/base/DeepSolar_AggCensusTract,dc/base/DeepSolar_AggCensusTract,http://web.stanford.edu/group/deepsolar/home
dc/base/HumanProteinAtlas,dc/base/HumanProteinAtlas,https://www.proteinatlas.org
dc/base/UNGeodataSimplified,dc/base/UNGeodataSimplified,https://geoportal.un.org/arcgis/apps/sites/#/geohub/datasets/d7caaff3ef4b4f7c82689b7c4694ad92/about
dc/base/OCHAGeoCoordinates_Tonga_ADM2,dc/base/OCHAGeoCoordinates_Tonga_ADM2,https://data.humdata.org/dataset/cod-ab-ton
dc/base/OCHAGeoCoordinates_Simplified,dc/base/OCHAGeoCoordinates_Simplified,https://data.humdata.org
dc/base/OCHAGeoCoordinates_Jamaica,dc/base/OCHAGeoCoordinates_Jamaica,https://data.humdata.org/dataset/cod-ab-jam
dc/base/OCHAGeoCoordinates_Lithuania_ADM2,dc/base/OCHAGeoCoordinates_Lithuania_ADM2,https://data.humdata.org/dataset/whosonfirst-data-admin-ltu
dc/base/OCHAGeoCoordinates_SaudiArabia,dc/base/OCHAGeoCoordinates_SaudiArabia,https://data.humdata.org/dataset/whosonfirst-data-admin-sau
dc/base/OCHAGeoCoordinates_HongKong,dc/base/OCHAGeoCoordinates_HongKong,https://data.humdata.org/dataset/whosonfirst-data-admin-hkg
dc/base/OCHAGeoCoordinates_Kiribati,dc/base/OCHAGeoCoordinates_Kiribati,https://data.humdata.org/dataset/cod-ab-kir
dc/base/OCHAGeoCoordinates_Slovenia,dc/base/OCHAGeoCoordinates_Slovenia,https://data.humdata.org/dataset/whosonfirst-data-admin-svn
dc/base/OCHAGeoCoordinates_CapeVerde,dc/base/OCHAGeoCoordinates_CapeVerde,https://data.humdata.org/dataset/cod-ab-cpv
dc/base/OCHAGeoCoordinates_Congo,dc/base/OCHAGeoCoordinates_Congo,https://data.humdata.org/dataset/whosonfirst-data-admin-cod
dc/base/OCHAGeoCoordinates_Finland,dc/base/OCHAGeoCoordinates_Finland,https://data.humdata.org/dataset/whosonfirst-data-admin-fin
dc/base/OCHAGeoCoordinates_Gabon,dc/base/OCHAGeoCoordinates_Gabon,https://data.humdata.org/dataset/whosonfirst-data-admin-gab
dc/base/OCHAGeoCoordinates_Ireland,dc/base/OCHAGeoCoordinates_Ireland,https://data.humdata.org/dataset/whosonfirst-data-admin-irl
dc/base/OCHAGeoCoordinates_Gambia,dc/base/OCHAGeoCoordinates_Gambia,https://data.humdata.org/dataset/cod-ab-gmb
dc/base/OCHAGeoCoordinates_Tonga,dc/base/OCHAGeoCoordinates_Tonga,https://data.humdata.org/dataset/cod-ab-ton
dc/base/OCHAGeoCoordinates_Madagascar,dc/base/OCHAGeoCoordinates_Madagascar,https://data.humdata.org/dataset/whosonfirst-data-admin-mdg
dc/base/OCHAGeoCoordinates_Singapore,dc/base/OCHAGeoCoordinates_Singapore,https://data.humdata.org/dataset/whosonfirst-data-admin-sgp
dc/base/OCHAGeoCoordinatesExtended,dc/base/OCHAGeoCoordinatesExtended,https://data.humdata.org
dc/base/OCHAGeoCoordinates_Estonia,dc/base/OCHAGeoCoordinates_Estonia,https://data.humdata.org/dataset/whosonfirst-data-admin-est
dc/base/OCHAGeoCoordinates_Singapore_ADM2,dc/base/OCHAGeoCoordinates_Singapore_ADM2,https://data.humdata.org/dataset/whosonfirst-data-admin-sgp
dc/base/OCHAGeoCoordinates_Niger,dc/base/OCHAGeoCoordinates_Niger,https://data.humdata.org/dataset/whosonfirst-data-admin-ner
dc/base/OCHAGeoCoordinates_Luxembourg,dc/base/OCHAGeoCoordinates_Luxembourg,https://data.humdata.org/dataset/whosonfirst-data-admin-lux
dc/base/OCHAGeoCoordinates_TrinidadAndTobago,dc/base/OCHAGeoCoordinates_TrinidadAndTobago,https://data.humdata.org/dataset/cod-ab-tto
dc/base/OCHAGeoCoordinates,dc/base/OCHAGeoCoordinates,https://data.humdata.org
dc/base/OCHAGeoCoordinates_Lithuania,dc/base/OCHAGeoCoordinates_Lithuania,https://data.humdata.org/dataset/whosonfirst-data-admin-ltu
dc/base/OCHAGeoCoordinates_Ghana,dc/base/OCHAGeoCoordinates_Ghana,https://data.humdata.org/dataset/cod-ab-gha
dc/base/OCHAGeoCoordinates_Croatia,dc/base/OCHAGeoCoordinates_Croatia,https://data.humdata.org/dataset/whosonfirst-data-admin-hrv
dc/base/OCHAGeoCoordinates_Cyprus,dc/base/OCHAGeoCoordinates_Cyprus,https://data.humdata.org/dataset/whosonfirst-data-admin-cyp
dc/base/OCHAGeoCoordinates_Switzerland_ADM2,dc/base/OCHAGeoCoordinates_Switzerland_ADM2,https://data.humdata.org/dataset/whosonfirst-data-admin-che
dc/base/OCHAGeoCoordinates_France,dc/base/OCHAGeoCoordinates_France,https://data.humdata.org/dataset/whosonfirst-data-admin-fra
dc/base/OCHAGeoCoordinates_Greenland,dc/base/OCHAGeoCoordinates_Greenland,https://data.humdata.org/dataset/whosonfirst-data-admin-grl
dc/base/OCHAGeoCoordinates_Iceland,dc/base/OCHAGeoCoordinates_Iceland,https://data.humdata.org/dataset/whosonfirst-data-admin-isl
dc/base/OCHAGeoCoordinates_Guinea_Bissau_ADM2,dc/base/OCHAGeoCoordinates_Guinea_Bissau_ADM2,https://data.humdata.org/dataset/cod-ab-gnb
dc/base/USAN_Stems,dc/base/USAN_Stems,https://www.ama-assn.org/about/united-states-adopted-names/united-states-adopted-names-approved-stems
dc/base/EPA_EJSCREEN_AggCensusTract,dc/base/EPA_EJSCREEN_AggCensusTract,https://gaftp.epa.gov/EJSCREEN/
dc/base/EPA_GHGRP_AggCounty_AggState,dc/base/EPA_GHGRP_AggCounty_AggState,https://www.epa.gov/ghgreporting
dc/base/EPA_GHGRP_AggCounty,dc/base/EPA_GHGRP_AggCounty,https://www.epa.gov/ghgreporting
dc/base/EPA_GHGRP_AggCensusZipCodeTabulationArea,dc/base/EPA_GHGRP_AggCensusZipCodeTabulationArea,https://www.epa.gov/ghgreporting
dc/base/EarthquakeUSGS_Agg,dc/base/EarthquakeUSGS_Agg,https://earthquake.usgs.gov/
dc/base/DiseaseOntology,dc/base/DiseaseOntology,https://disease-ontology.org
dc/base/US_UrbanOrg_Colleges_Directory_IPEDS,dc/base/US_UrbanOrg_Colleges_Directory_IPEDS,https://educationdata.urban.org/documentation/colleges.html#ipeds_directory
dc/base/US_UrbanOrg_Schools_Directory,dc/base/US_UrbanOrg_Schools_Directory,"https://educationdata.urban.org/documentation/schools.html#ccd_directory,https://www.census.gov/programs-surveys/ccd/tables/ccd-crdc-schools-directory"
dc/base/CensusACS5YearSurvey_Demographics_StatVarAgg,dc/base/CensusACS5YearSurvey_Demographics_StatVarAgg,https://www.census.gov/
dc/base/CensusACS5YearSurvey_Person_Age_StatVarAgg,dc/base/CensusACS5YearSurvey_Person_Age_StatVarAgg,https://www.census.gov/
dc/base/CensusACS5YearSurvey_HousingUnit_HomeValue_StatVarAgg,dc/base/CensusACS5YearSurvey_HousingUnit_HomeValue_StatVarAgg,https://www.census.gov/
dc/base/CensusACS5YearSurvey_InArmedForces_StatVarAgg,dc/base/CensusACS5YearSurvey_InArmedForces_StatVarAgg,https://www.census.gov/
dc/base/CensusACS5YearSurvey_SubjectTables_S0804_StatVarAgg,dc/base/CensusACS5YearSurvey_SubjectTables_S0804_StatVarAgg,https://data.census.gov/table/ACSST5Y2022.S0804
dc/base/CensusACS5YearSurvey_SubjectTables_S1251_StatVarAgg,dc/base/CensusACS5YearSurvey_SubjectTables_S1251_StatVarAgg,https://data.census.gov/cedsci/table?q=S1251&tid=ACSST5Y2023.S1251
dc/base/CensusACS5YearSurvey_AbilityToSpeakEnglish_StatVarAgg,dc/base/CensusACS5YearSurvey_AbilityToSpeakEnglish_StatVarAgg,https://www.census.gov/
dc/base/CensusACS5YearSurvey_SuperEnum,dc/base/CensusACS5YearSurvey_SuperEnum,https://www.census.gov/
dc/base/CensusACS5YearSurvey_HealthInsurance_StatVarAgg,dc/base/CensusACS5YearSurvey_HealthInsurance_StatVarAgg,https://www.census.gov/
dc/base/CensusACS5YearSurvey_SubjectTables_S2408_StatVarAgg,dc/base/CensusACS5YearSurvey_SubjectTables_S2408_StatVarAgg,https://data.census.gov/cedsci/table?q=S2408&tid=ACSST5Y2023.S2408
dc/base/CensusACS5YearSurvey_AggCountry_SuperEnum,dc/base/CensusACS5YearSurvey_AggCountry_SuperEnum,https://www.census.gov/
dc/base/CensusACS5YearSurvey_Employment_StatVarAgg,dc/base/CensusACS5YearSurvey_Employment_StatVarAgg,https://www.census.gov/
dc/base/CensusACS5YearSurvey_Income_StatVarAgg,dc/base/CensusACS5YearSurvey_Income_StatVarAgg,https://www.census.gov/
dc/base/CensusACS5YearSurvey_SubjectTables_S0504_StatVarAgg,dc/base/CensusACS5YearSurvey_SubjectTables_S0504_StatVarAgg,https://data.census.gov/cedsci/table?q=S0504&tid=ACSST5Y2019.S0504
dc/base/CensusACS5YearSurvey_SubjectTables_S0801_StatVarAgg,dc/base/CensusACS5YearSurvey_SubjectTables_S0801_StatVarAgg,https://data.census.gov/table/ACSST5Y2023.S0801
dc/base/CensusACS5YearSurvey_AggCountry,dc/base/CensusACS5YearSurvey_AggCountry,https://www.census.gov/
dc/base/CensusACS5YearSurvey_Education_StatVarAgg,dc/base/CensusACS5YearSurvey_Education_StatVarAgg,https://www.census.gov/
dc/base/CensusSAHIE_AggCountry,dc/base/CensusSAHIE_AggCountry,https://www.census.gov/programs-surveys/sahie.html
dc/base/NASA_VIIRSActiveFiresEvents_Agg,dc/base/NASA_VIIRSActiveFiresEvents_Agg,https://firms.modaps.eosdis.nasa.gov/active_fire/
dc/base/NCES_PublicSchoolStats_SuperEnum,dc/base/NCES_PublicSchoolStats_SuperEnum,https://datacommons.org/
dc/base/NCES_SchoolDistrictStats_SuperEnum,dc/base/NCES_SchoolDistrictStats_SuperEnum,https://datacommons.org/
dc/base/NCES_PrivateSchoolStats_SuperEnum,dc/base/NCES_PrivateSchoolStats_SuperEnum,https://datacommons.org/
dc/base/NCBI_Assembly_Summary_Reports,dc/base/NCBI_Assembly_Summary_Reports,https://www.ncbi.nlm.nih.gov/assembly/
dc/base/NCBI_Gene,dc/base/NCBI_Gene,https://www.ncbi.nlm.nih.gov/gene
dc/base/NCBI_Taxonomy,dc/base/NCBI_Taxonomy,https://www.ncbi.nlm.nih.gov/taxonomy/
dc/base/MedicalSubjectHeadings,dc/base/MedicalSubjectHeadings,https://meshb.nlm.nih.gov/
dc/base/PubChem,dc/base/PubChem,https://pubchem.ncbi.nlm.nih.gov/
dc/base/NOAA_GPCC_StandardardizedPrecipitationIndex_AggPlace,dc/base/NOAA_GPCC_StandardardizedPrecipitationIndex_AggPlace,https://www.drought.gov/data-maps-tools/global-precipitation-climatology-centre-gpcc-standardized-precipitation-index-spi
dc/base/FireFAMWEB_Agg,dc/base/FireFAMWEB_Agg,https://fam.nwcg.gov/fam-web/
dc/base/WikidataGeo_Singapore,dc/base/WikidataGeo_Singapore,https://en.wikipedia.org/wiki/Regions_of_Singapore
dc/base/WikidataGeo_Afghanistan_ADM2,dc/base/WikidataGeo_Afghanistan_ADM2,https://en.wikipedia.org/wiki/Districts_of_Afghanistan
dc/base/WikidataGeo_OCHA_Ireland,dc/base/WikidataGeo_OCHA_Ireland,https://www.wikidata.org/
dc/base/WikidataGeo_Slovenia,dc/base/WikidataGeo_Slovenia,https://en.m.wikipedia.org/wiki/Municipalities_of_Slovenia
dc/base/WikidataGeo_France,dc/base/WikidataGeo_France,https://en.wikipedia.org/wiki/Regions_of_France
dc/base/WikidataGeo_Federated_States_of_Micronesia,dc/base/WikidataGeo_Federated_States_of_Micronesia,https://www.wikidata.org/
dc/base/WikidataGeo_Niger,dc/base/WikidataGeo_Niger,https://www.wikidata.org/
dc/base/WikidataGeo_Congo,dc/base/WikidataGeo_Congo,https://en.wikipedia.org/wiki/Provinces_of_the_Democratic_Republic_of_the_Congo
dc/base/WikidataGeo_Lithuania,dc/base/WikidataGeo_Lithuania,https://en.m.wikipedia.org/wiki/Counties_of_Lithuania
dc/base/WikidataGeo_Myanmar,dc/base/WikidataGeo_Myanmar,https://www.wikidata.org/
dc/base/WikidataGeo_Greece,dc/base/WikidataGeo_Greece,https://en.wikipedia.org/wiki/Decentralized_administrations_of_Greece
dc/base/WikidataGeo_Lithuania_ADM2,dc/base/WikidataGeo_Lithuania_ADM2,https://en.wikipedia.org/wiki/Municipalities_of_Lithuania
dc/base/WikidataGeo_Liechtenstein,dc/base/WikidataGeo_Liechtenstein,https://en.wikipedia.org/wiki/Municipalities_of_Liechtenstein
dc/base/WikidataGeo_UnitedArabEmirates,dc/base/WikidataGeo_UnitedArabEmirates,https://www.wikidata.org/
dc/base/WikidataGeo_Latvia_ADM2,dc/base/WikidataGeo_Latvia_ADM2,https://en.wikipedia.org/wiki/Administrative_divisions_of_Latvia#Municipalities_as_of_2021
dc/base/WikidataGeo_SouthKorea,dc/base/WikidataGeo_SouthKorea,https://www.wikidata.org/
dc/base/WikidataGeo_Monaco,dc/base/WikidataGeo_Monaco,https://en.m.wikipedia.org/wiki/Municipality_of_Monaco
dc/base/WikidataGeo_Greenland,dc/base/WikidataGeo_Greenland,https://en.wikipedia.org/wiki/Administrative_divisions_of_Greenland
dc/base/WikidataGeo_Portugal,dc/base/WikidataGeo_Portugal,https://en.wikipedia.org/wiki/Administrative_divisions_of_Portugal
dc/base/WikidataGeo_Tonga_ADM2,dc/base/WikidataGeo_Tonga_ADM2,https://en.wikipedia.org/wiki/Administrative_divisions_of_Tonga
dc/base/WikidataGeo_Madagascar_ADM2,dc/base/WikidataGeo_Madagascar_ADM2,https://en.wikipedia.org/wiki/Districts_of_Madagascar
dc/base/WikidataGeo_Gambia,dc/base/WikidataGeo_Gambia,https://www.wikidata.org/
dc/base/FireWFIGS_Agg,dc/base/FireWFIGS_Agg,https://data-nifc.opendata.arcgis.com/datasets/nifc::wfigs-wildland-fire-locations-full-history/about
dc/base/WorldBankCountryBoundaries,dc/base/WorldBankCountryBoundaries,https://datacatalog.worldbank.org/dataset/world-bank-official-boundaries
dc/base/ATC_Codes,dc/base/ATC_Codes,https://www.whocc.no/atc_ddd_index/
dc/base/Covid19IndiaData,dc/base/Covid19IndiaData,http://projects.datameet.org/covid19/
dc/base/OECDRegionalDemography_Person_Age_StatVarAgg,dc/base/OECDRegionalDemography_Person_Age_StatVarAgg,https://datacommons.org/
dc/base/RFF_USGridGeo_WeatherVariabilityForecast_AggCounty,dc/base/RFF_USGridGeo_WeatherVariabilityForecast_AggCounty,https://www.rff.org/publications/data-tools/
dc/base/USNationalPrisonerStatistics_Crime_StatVarAgg,dc/base/USNationalPrisonerStatistics_Crime_StatVarAgg,https://www.bjs.gov/index.cfm?ty=dcdetail&iid=269
dc/base/USDA_AgricultureCensus_Agriculture_StatVarAgg,dc/base/USDA_AgricultureCensus_Agriculture_StatVarAgg,https://www.nass.usda.gov/AgCensus/
dc/base/IndiaCensus_PrimaryReligion,dc/base/IndiaCensus_PrimaryReligion,https://censusindia.gov.in/
dc/base/IndiaCensus_Primary,dc/base/IndiaCensus_Primary,https://censusindia.gov.in/
dc/base/IndiaCensus_PrimarySC,dc/base/IndiaCensus_PrimarySC,https://censusindia.gov.in/
dc/base/IndiaCensus_PrimaryHouseless,dc/base/IndiaCensus_PrimaryHouseless,https://censusindia.gov.in/
dc/base/IndiaCensus_PrimaryST,dc/base/IndiaCensus_PrimaryST,https://censusindia.gov.in/
dc/base/IndiaEnergy,dc/base/IndiaEnergy,https://niti.gov.in/edm/
dc/base/IndiaNSS_HealthAilments,dc/base/IndiaNSS_HealthAilments,https://ndap.niti.gov.in/dataset/7300
dc/base/India_GeoSadak,dc/base/India_GeoSadak,https://geosadak-pmgsy.nic.in/
dc/base/IndiaUDISESchoolsDropoutRate,dc/base/IndiaUDISESchoolsDropoutRate,https://dashboard.udiseplus.gov.in/
dc/base/IndiaUDISESchoolsWithToilets,dc/base/IndiaUDISESchoolsWithToilets,https://dashboard.udiseplus.gov.in/
dc/base/IndiaUDISESchoolsWithComputer,dc/base/IndiaUDISESchoolsWithComputer,https://dashboard.udiseplus.gov.in/
dc/base/IndiaUDISESchools,dc/base/IndiaUDISESchools,https://dashboard.udiseplus.gov.in/
dc/base/IndiaUDISESchoolsWithInternet,dc/base/IndiaUDISESchoolsWithInternet,https://dashboard.udiseplus.gov.in/
dc/base/IndiaPLFS_Wages,dc/base/IndiaPLFS_Wages,https://mospi.gov.in/web/plfs
dc/base/IndiaPLFS_DailyWages,dc/base/IndiaPLFS_DailyWages,https://mospi.gov.in/web/plfs
dc/base/IndiaWRISWaterQuality,dc/base/IndiaWRISWaterQuality,https://indiawris.gov.in/wris
dc/base/India_LifeExpectancy,dc/base/India_LifeExpectancy,https://ndap.niti.gov.in/dataset/7375
dc/base/IndiaPoverty,dc/base/IndiaPoverty,https://socialjustice.gov.in/common/76672
dc/base/IndiaRBI_UnemploymentRate,dc/base/IndiaRBI_UnemploymentRate,https://rbi.org.in/
dc/base/India_Aadhaar_Statisics,dc/base/India_Aadhaar_Statisics,https://uidai.gov.in/aadhaar_dashboard/india.php
dc/base/BIS_CentralBankPolicyRate,dc/base/BIS_CentralBankPolicyRate,https://data.bis.org/topics/CBPOL/data
dc/base/MOSPI_IndiaPLFS_DailyWages,dc/base/MOSPI_IndiaPLFS_DailyWages,https://esankhyiki.mospi.gov.in/macroindicators?product=plfs
dc/base/MOSPI_IndiaPLFS_MonthlyWages,dc/base/MOSPI_IndiaPLFS_MonthlyWages,https://esankhyiki.mospi.gov.in/macroindicators?product=plfs
dc/base/WRIS_India_Rainfall,dc/base/WRIS_India_Rainfall,https://indiawris.gov.in/wris/#/DataDownload
dc/base/Brazil_RuralDevelopmentProgram,dc/base/Brazil_RuralDevelopmentProgram,https://aplicacoes.cidadania.gov.br/vis/data3/data-explorer.php
dc/base/Brazil_FoodDsitribution,dc/base/Brazil_FoodDsitribution,https://aplicacoes.cidadania.gov.br/vis/data3/data-explorer.php
dc/base/Brazil_Census,dc/base/Brazil_Census,https://www.ibge.gov.br/en/statistics/social/population.html
dc/base/CRDC_EducationSchool_HarassmentOrBullying,dc/base/CRDC_EducationSchool_HarassmentOrBullying,https://ocrdata.ed.gov/data
dc/base/CRDC_Education_Discipline_Attendance,dc/base/CRDC_Education_Discipline_Attendance,https://civilrightsdata.ed.gov/data
dc/base/ClimateTrace_GreenhouseGas,dc/base/ClimateTrace_GreenhouseGas,https://api.climatetrace.org/
dc/base/ClimateTrace_GHG_Emissions,dc/base/ClimateTrace_GHG_Emissions,https://api.climatetrace.org/
dc/base/DynamicWorld_FloodEvents_AutoRefresh,dc/base/DynamicWorld_FloodEvents_AutoRefresh,https://developers.google.com/earth-engine/datasets/catalog/GOOGLE_DYNAMICWORLD_V1
dc/base/Copernicus_GlobalLandCoverLayers,dc/base/Copernicus_GlobalLandCoverLayers,https://land.copernicus.eu/global/lcviewer
dc/base/Cotedivoire_Census,dc/base/Cotedivoire_Census,https://cotedivoire.opendataforafrica.org/
dc/base/CanadaStatistics,dc/base/CanadaStatistics,https://www150.statcan.gc.ca/n1/en/type/data?MM=1
dc/base/CycloneNOAA_Paths,dc/base/CycloneNOAA_Paths,https://www.ncei.noaa.gov/products/international-best-track-archive
dc/base/DynamicWorld_Floods,dc/base/DynamicWorld_Floods,https://developers.google.com/earth-engine/datasets/catalog/GOOGLE_DYNAMICWORLD_V1
dc/base/EuroStatHealth_AlcoholConsumption,dc/base/EuroStatHealth_AlcoholConsumption,https://ec.europa.eu/eurostat/web/main/data/database
dc/base/EthiopiaStatistics,dc/base/EthiopiaStatistics,https://ethiopia.opendataforafrica.org/data/#menu=topic
dc/base/Eurostat_Early_Education_Training,dc/base/Eurostat_Early_Education_Training,https://ec.europa.eu/eurostat/databrowser/view/sdg_04_30__custom_7874475/default/table?lang=en
dc/base/FAO_Currency_statvar,dc/base/FAO_Currency_statvar,https://www.fao.org/faostat/en/#data/PE/metadata
dc/base/India_Literacy,dc/base/India_Literacy,https://mospi.gov.in/web/nss
dc/base/India_NFHS,dc/base/India_NFHS,"https://ndap.niti.gov.in/dataset/6821, https://ndap.niti.gov.in/dataset/7034, https://ndap.niti.gov.in/dataset/6822"
dc/base/IPEDS_StudentToFacultyRatio,dc/base/IPEDS_StudentToFacultyRatio,https://nces.ed.gov/ipeds/datacenter/DataFiles.aspx?gotoReportId=7&fromIpeds=true&sid=859539d0-db09-4d03-a36a-eabf93d07355&rtid=1
dc/base/Ireland_Census,dc/base/Ireland_Census,https://www.cso.ie/en/index.html
dc/base/India_aqi,dc/base/India_aqi,https://app.cpcbccr.com/AQI_India/
dc/base/India_NationalAccountsStatistics,dc/base/India_NationalAccountsStatistics,https://esankhyiki.mospi.gov.in/macroindicators?product=nas
dc/base/India_SDG_Index,dc/base/India_SDG_Index,https://sdgindiaindex.niti.gov.in/#/download
dc/base/MexicoCensus,dc/base/MexicoCensus,https://www.inegi.org.mx/temas/
dc/base/Kenya_Census,dc/base/Kenya_Census,https://kenya.opendataforafrica.org/
dc/base/NITIIndiaPopulationProjection,dc/base/NITIIndiaPopulationProjection,"https://ndap.niti.gov.in/dataset/7208, https://ndap.niti.gov.in/dataset/7209"
dc/base/NASA_VIIRSActiveFiresEvents,dc/base/NASA_VIIRSActiveFiresEvents,https://www.earthdata.nasa.gov/learn/find-data/near-real-time/firms/vnp14imgtdlnrt
dc/base/NASA_VIIRSActiveFiresEvent_Observations,dc/base/NASA_VIIRSActiveFiresEvent_Observations,https://www.earthdata.nasa.gov/learn/find-data/near-real-time/firms/vnp14imgtdlnrt
dc/base/NOAA_GPCC_StandardardizedPrecipitationIndex,dc/base/NOAA_GPCC_StandardardizedPrecipitationIndex,https://www.drought.gov/data-maps-tools/global-precipitation-climatology-centre-gpcc-standardized-precipitation-index-spi
dc/base/NOAA_GFS_WeatherForecast,dc/base/NOAA_GFS_WeatherForecast,https://www.ncei.noaa.gov/products/weather-climate-models/global-forecast
dc/base/NOAA_CoastWatch_SeaSurfaceSalinity,dc/base/NOAA_CoastWatch_SeaSurfaceSalinity,https://coastwatch.noaa.gov/erddap/griddap/noaacwSMAPsss3Daily.html
dc/base/NigeriaStatistics,dc/base/NigeriaStatistics,https://nigeria.opendataforafrica.org
dc/base/OECDQuarterlyGDP,dc/base/OECDQuarterlyGDP,https://data-explorer.oecd.org/vis?fs[0]=Topic%2C1%7CEconomy%23ECO%23%7CNational%20accounts%23ECO_NAD%23&fs[1]=Topic%2C3%7CEconomy%23ECO%23%7CNational%20accounts%23ECO_NAD%23%7CGDP%20and%20non-financial%20accounts%23ECO_NAD_GNF%23%7CGDP%20and%20components%23ECO_NAD_GNF_GDP%23&pg=0&fc=Topic&snb=22&vw=ov&df[ds]=dsDisseminateFinalDMZ&df[id]=DSD_NAMAIN1%40DF_QNA_EXPENDITURE_GROWTH_OECD&df[ag]=OECD.SDD.NAD&df[vs]=&dq=Q.....B1GQ......G1.&to[TIME_PERIOD]=false&ly[cl]=TIME_PERIOD&ly[rw]=REF_AREA&lb=bt&pd=%2C
dc/base/OECD_Air_GHG_emissions,dc/base/OECD_Air_GHG_emissions,https://data.oecd.org/air/air-and-ghg-emissions.htm
dc/base/OECD_Waste_Water_Treatment,dc/base/OECD_Waste_Water_Treatment,https://www.oecd.org/
dc/base/Singapore_Census,dc/base/Singapore_Census,https://www.singstat.gov.sg/
dc/base/RandolphGlacierInventory_Area,dc/base/RandolphGlacierInventory_Area,https://www.glims.org/RGI/rgi60_dl.html
dc/base/OWID_COVID19,dc/base/OWID_COVID19,https://ourworldindata.org/coronavirus
dc/base/SouthAfrica_Census,dc/base/SouthAfrica_Census,https://southafrica.opendataforafrica.org/
dc/base/SouthKorea_Health,dc/base/SouthKorea_Health,https://kosis.kr/eng/statisticsList/statisticsListIndex.do
dc/base/SouthKorea_Employment,dc/base/SouthKorea_Employment,https://kosis.kr/eng/statisticsList/statisticsListIndex.do
dc/base/SouthKorea_Education,dc/base/SouthKorea_Education,https://kosis.kr/eng/
dc/base/SouthAfrica_Budget,dc/base/SouthAfrica_Budget,https://github.com/dsfsi/data-commons-data/tree/master/data/budget%20data/csv
dc/base/Subnational_Demographics_Stats,dc/base/Subnational_Demographics_Stats,https://databank.worldbank.org/source/subnational-population
dc/base/UAE_Population,dc/base/UAE_Population,https://bayanat.ae/en/Data?query=population
dc/base/UNSDGrossValueAdded,dc/base/UNSDGrossValueAdded,https://unstats.un.org/home/
dc/base/UN_SDG,dc/base/UN_SDG,https://unstats.un.org/sdgs/dataportal
dc/base/USMonthlyRetailSales,dc/base/USMonthlyRetailSales,https://www.census.gov/retail/index.html
dc/base/UN_WHO,dc/base/UN_WHO,https://www.who.int/data
dc/base/Uganda_Census,dc/base/Uganda_Census,https://uganda.opendataforafrica.org/
dc/base/WHO_COVID19,dc/base/WHO_COVID19,https://data.who.int/dashboards/covid19/data?n=c
dc/base/WetBulbTemperatureEvents_AutoRefresh,dc/base/WetBulbTemperatureEvents_AutoRefresh,https://datacommons.org/
dc/base/WetBulbTemperatureEventPlaces_AutoRefresh,dc/base/WetBulbTemperatureEventPlaces_AutoRefresh,https://datacommons.org/
dc/base/WorldBankDatasets,dc/base/WorldBankDatasets,https://databank.worldbank.org/source/world-development-indicators
dc/base/WHO_GHO,dc/base/WHO_GHO,https://www.who.int/data/gho
dc/base/Copernicus_ECMWF_ERA5_Monthly_AggrYearsStats,dc/base/Copernicus_ECMWF_ERA5_Monthly_AggrYearsStats,https://cds.climate.copernicus.eu/cdsapp#!/dataset/reanalysis-era5-single-levels
dc/base/CensusACS5YearSurvey_SubjectTables_S1901,dc/base/CensusACS5YearSurvey_SubjectTables_S1901,https://data.census.gov/cedsci/table?q=S1901&tid=ACSST5Y2023.S1901
dc/base/CensusACS5YearSurvey_SubjectTables_S2602PR,dc/base/CensusACS5YearSurvey_SubjectTables_S2602PR,https://data.census.gov/cedsci/table?q=S2602PR&tid=ACSST5Y2023.S2602PR
dc/base/CensusACSBtable5YearSurvey_Btable_B25031,dc/base/CensusACSBtable5YearSurvey_Btable_B25031,https://data.census.gov/table/ACSDT5Y2022.B25031
dc/base/CensusACS5YearSurvey_SubjectTables_S0701PR,dc/base/CensusACS5YearSurvey_SubjectTables_S0701PR,https://data.census.gov/cedsci/table?q=S0701PR&tid=ACSST5Y2023.S0701PR
dc/base/CensusACS5YearSurvey_SubjectTables_S1810,dc/base/CensusACS5YearSurvey_SubjectTables_S1810,https://data.census.gov/table/ACSST5Y2023.S1810?q=S1810
dc/base/CensusACS5YearSurvey_SubjectTables_S2704,dc/base/CensusACS5YearSurvey_SubjectTables_S2704,https://data.census.gov/cedsci/table?q=S2704&tid=ACSST5Y2023.S2704
dc/base/CensusACS5YearSurvey_SubjectTables_S2701,dc/base/CensusACS5YearSurvey_SubjectTables_S2701,https://data.census.gov/cedsci/table?q=S2701&tid=ACSST5Y2023.S2701
dc/base/CensusACS5YearSurvey_SubjectTables_S2409,dc/base/CensusACS5YearSurvey_SubjectTables_S2409,https://data.census.gov/cedsci/table?q=S2409&tid=ACSST1Y2023.S2409
dc/base/CensusACS5YearSurvey_SubjectTables_S2418,dc/base/CensusACS5YearSurvey_SubjectTables_S2418,https://data.census.gov/cedsci/table?q=S2418&tid=ACSST5Y2023.S2418
dc/base/CensusACS5YearSurvey_SubjectTables_S1251,dc/base/CensusACS5YearSurvey_SubjectTables_S1251,https://data.census.gov/cedsci/table?q=S1251&tid=ACSST5Y2023.S1251
dc/base/CensusACS5YearSurvey,dc/base/CensusACS5YearSurvey,https://www.census.gov/programs-surveys/acs/data/data-via-ftp.html
dc/base/CensusACS5YearSurvey_SubjectTables_S2201,dc/base/CensusACS5YearSurvey_SubjectTables_S2201,https://data.census.gov/table/ACSST5Y2023.S2201?q=S2201
dc/base/CensusACS5YearSurvey_SubjectTables_S2502,dc/base/CensusACS5YearSurvey_SubjectTables_S2502,https://data.census.gov/cedsci/table?q=S2502&tid=ACSST5Y2023.S2502
dc/base/CensusACS5YearSurvey_SubjectTables_S1301,dc/base/CensusACS5YearSurvey_SubjectTables_S1301,https://data.census.gov/cedsci/table?q=S1301&tid=ACSST5Y2023.S1301
dc/base/CensusACS5YearSurvey_SubjectTables_S2405,dc/base/CensusACS5YearSurvey_SubjectTables_S2405,https://data.census.gov/cedsci/table?q=S2405&tid=ACSST5Y2023.S2405
dc/base/CensusACS5YearSurvey_SubjectTables_S2702PR,dc/base/CensusACS5YearSurvey_SubjectTables_S2702PR,https://data.census.gov/cedsci/table?q=S2702PR&tid=ACSST5Y2013.S2702PR
dc/base/CensusACS5YearSurvey_SubjectTables_S2703,dc/base/CensusACS5YearSurvey_SubjectTables_S2703,https://data.census.gov/cedsci/table?q=S2703&tid=ACSST5Y2023.S2703
dc/base/CensusACS5YearSurvey_SubjectTables_S2001,dc/base/CensusACS5YearSurvey_SubjectTables_S2001,https://data.census.gov/cedsci/table?q=S2001&tid=ACSST1Y2023.S2001
dc/base/CensusACS5YearSurvey_SubjectTables_S1603,dc/base/CensusACS5YearSurvey_SubjectTables_S1603,https://data.census.gov/cedsci/table?q=S1603&tid=ACSST5Y2023.S1603
dc/base/CensusACS5YearSurvey_SubjectTables_S2603,dc/base/CensusACS5YearSurvey_SubjectTables_S2603,https://data.census.gov/cedsci/table?q=S2603&tid=ACSST5Y2023.S2603
dc/base/CensusACS5YearSurvey_SubjectTables_S2601APR,dc/base/CensusACS5YearSurvey_SubjectTables_S2601APR,https://data.census.gov/cedsci/table?q=S2601APR&tid=ACSST5Y2023.S2601APR
dc/base/CensusACS5YearSurvey_SubjectTables_S1903,dc/base/CensusACS5YearSurvey_SubjectTables_S1903,https://data.census.gov/cedsci/table?q=S1903&tid=ACSST5Y2023.S1903
dc/base/CensusACS5YearSurvey_SubjectTables_S2303,dc/base/CensusACS5YearSurvey_SubjectTables_S2303,https://data.census.gov/cedsci/table?q=S2303&tid=ACSST5Y2023.S2303
dc/base/CensusACS5YearSurvey_SubjectTables_S2407,dc/base/CensusACS5YearSurvey_SubjectTables_S2407,https://data.census.gov/cedsci/table?q=S2407&tid=ACSST5Y2023.S2407
dc/base/CensusACS5YearSurvey_SubjectTables_S0701,dc/base/CensusACS5YearSurvey_SubjectTables_S0701,https://data.census.gov/cedsci/table?q=S0701&tid=ACSST5Y2023.S0701
dc/base/CensusACS5YearSurvey_SubjectTables_S0902,dc/base/CensusACS5YearSurvey_SubjectTables_S0902,https://data.census.gov/cedsci/table?q=S0902&tid=ACSST5Y2023.S0902
dc/base/CensusACS5YearSurvey_SubjectTables_S2702,dc/base/CensusACS5YearSurvey_SubjectTables_S2702,https://data.census.gov/cedsci/table?q=S2702&tid=ACSST5Y2013.S2702
dc/base/CensusACS5YearSurvey_SubjectTables_S0505,dc/base/CensusACS5YearSurvey_SubjectTables_S0505,https://data.census.gov/cedsci/table?q=S0505&tid=ACSST5Y2023.S0505
dc/base/CensusACS1YearSurvey,dc/base/CensusACS1YearSurvey,https://www.census.gov/programs-surveys/acs/data/data-via-ftp.html
dc/base/CensusACS5YearSurvey_SubjectTables_S2601A,dc/base/CensusACS5YearSurvey_SubjectTables_S2601A,https://data.census.gov/cedsci/table?q=S2601A&tid=ACSST5Y2023.S2601A
dc/base/CensusACS5YearSurvey_SubjectTables_S0504,dc/base/CensusACS5YearSurvey_SubjectTables_S0504,https://data.census.gov/cedsci/table?q=S0504&tid=ACSST5Y2023.S0504
dc/base/CensusACS5YearSurvey_SubjectTables_S1502,dc/base/CensusACS5YearSurvey_SubjectTables_S1502,https://data.census.gov/cedsci/table?q=S1502&tid=ACSST5Y2023.S1502
dc/base/CensusACS5YearSurvey_SubjectTables_S2602,dc/base/CensusACS5YearSurvey_SubjectTables_S2602,https://data.census.gov/cedsci/table?q=S2602&tid=ACSST5Y2023.S2602
dc/base/CensusACS5YearSurvey_SubjectTables_S1602,dc/base/CensusACS5YearSurvey_SubjectTables_S1602,https://data.census.gov/cedsci/table?q=S1602&tid=ACSST5Y2023.S1602
dc/base/CensusACS5YearSurvey_SubjectTables_S0804,dc/base/CensusACS5YearSurvey_SubjectTables_S0804,https://data.census.gov/table/ACSST5Y2023.S0804
dc/base/CensusACS5YearSurvey_SubjectTables_S0801,dc/base/CensusACS5YearSurvey_SubjectTables_S0801,https://data.census.gov/table?q=S0801&tid=ACSST5Y2023.S0801
dc/base/CensusACS5YearSurvey_SubjectTables_S2408,dc/base/CensusACS5YearSurvey_SubjectTables_S2408,https://data.census.gov/cedsci/table?q=S2408&tid=ACSST5Y2023.S2408
dc/base/CensusACS5YearSurvey_SubjectTables_S2406,dc/base/CensusACS5YearSurvey_SubjectTables_S2406,https://data.census.gov/cedsci/table?q=S2406&tid=ACSST5Y2023.S2406
dc/base/CensusACS5YearSurvey_SubjectTables_S0101,dc/base/CensusACS5YearSurvey_SubjectTables_S0101,https://data.census.gov/table?q=S0101:+Age+and+Sex&tid=ACSST1Y2023.S0101
dc/base/ACSED5YrSurvey,dc/base/ACSED5YrSurvey,https://nces.ed.gov/programs/edge/Demographic/ACS
dc/base/NASA_DCP30_CMIP5_Subnational_AggrDiffStats_LongRangeProjections,dc/base/NASA_DCP30_CMIP5_Subnational_AggrDiffStats_LongRangeProjections,https://www.nccs.nasa.gov/services/data-collections/land-based-products/nex-dcp30
dc/base/NASA_NEXDCP30_AggrDiffStats,dc/base/NASA_NEXDCP30_AggrDiffStats,https://www.nccs.nasa.gov/services/data-collections/land-based-products/nex-dcp30
dc/base/NASA_NEXGDDP_Country,dc/base/NASA_NEXGDDP_Country,https://www.nccs.nasa.gov/services/data-collections/land-based-products/nex-gddp
dc/base/NASA_WetBulbComputation,dc/base/NASA_WetBulbComputation,https://datacommons.org/
dc/base/NASA_WetBulbComputation_Aggregation,dc/base/NASA_WetBulbComputation_Aggregation,https://datacommons.org/
dc/base/NASA_NEXGDDP_Subnational_AggrOverTimeOnStatsAcrossModels,dc/base/NASA_NEXGDDP_Subnational_AggrOverTimeOnStatsAcrossModels,https://www.nccs.nasa.gov/services/data-collections/land-based-products/nex-gddp
dc/base/NASA_NEXGDDP_Subnational_AggrStatsAcrossModels,dc/base/NASA_NEXGDDP_Subnational_AggrStatsAcrossModels,https://www.nccs.nasa.gov/services/data-collections/land-based-products/nex-gddp
dc/base/NASA_NEXGDDP_CMIP6_Subnational_AggrDiffStats_LongRangeProjections,dc/base/NASA_NEXGDDP_CMIP6_Subnational_AggrDiffStats_LongRangeProjections,https://www.nccs.nasa.gov/services/data-collections/land-based-products/nex-gddp-cmip6
dc/base/NASA_NEXGDDP_CMIP6_IpccPlaces50_AggrDiffStats,dc/base/NASA_NEXGDDP_CMIP6_IpccPlaces50_AggrDiffStats,https://www.nccs.nasa.gov/services/data-collections/land-based-products/nex-gddp-cmip6
dc/base/NASA_NEXGDDP_CMIP6_IpccPlaces50_AggrOverTimeOnStatsAcrossModels,dc/base/NASA_NEXGDDP_CMIP6_IpccPlaces50_AggrOverTimeOnStatsAcrossModels,https://www.nccs.nasa.gov/services/data-collections/land-based-products/nex-gddp-cmip6
dc/base/NASA_SeaLevelProjections_CMIP6,dc/base/NASA_SeaLevelProjections_CMIP6,https://podaac.jpl.nasa.gov/announcements/2021-08-09-Sea-level-projections-from-the-IPCC-6th-Assessment-Report
dc/base/NOAA_EPA_Observed_Historical_Weather_AggrYearsStats,dc/base/NOAA_EPA_Observed_Historical_Weather_AggrYearsStats,https://www.ncei.noaa.gov/cdo-web/
dc/base/NOAA_EPA_Observed_Historical_Weather,dc/base/NOAA_EPA_Observed_Historical_Weather,https://www.noaa.gov/
dc/base/BEAGDPv2,dc/base/BEAGDPv2,https://www.bea.gov/
dc/base/BEAGDPPriceParity,dc/base/BEAGDPPriceParity,https://www.bea.gov/data
dc/base/USEconomicCensus,dc/base/USEconomicCensus,https://www.census.gov/programs-surveys/economic-census.html
dc/base/USDecennialCensus_RedistrictingRelease,dc/base/USDecennialCensus_RedistrictingRelease,https://www.census.gov/programs-surveys/decennial-census/about/rdo/summary-files.html
dc/base/BLS_LAUS,dc/base/BLS_LAUS,https://www.bls.gov/lau/
dc/base/CDC500,dc/base/CDC500,https://www.cdc.gov/places/index.html
dc/base/CDCDiabetes,dc/base/CDCDiabetes,https://gis.cdc.gov/grasp/diabetes/DiabetesAtlas.html
dc/base/CDCPM25,dc/base/CDCPM25,https://data.cdc.gov/Environmental-Health-Toxicology/Daily-PM2-5-Concentrations-All-County-2001-2016/7vdq-ztk9
dc/base/CDCWonder_NNDSS_InfectiousAnnual,dc/base/CDCWonder_NNDSS_InfectiousAnnual,https://wonder.cdc.gov/nndss/nndss_annual_tables_menu.asp
dc/base/CDCMortality,dc/base/CDCMortality,https://wonder.cdc.gov/mcd.html
dc/base/DeepSolar,dc/base/DeepSolar,http://web.stanford.edu/group/deepsolar/home
dc/base/EIA_860,dc/base/EIA_860,https://www.eia.gov/electricity/data/eia860/
dc/base/EIA860_PowerPlants,dc/base/EIA860_PowerPlants,https://www.eia.gov/electricity/data/eia860/
dc/base/EIA_Coal,dc/base/EIA_Coal,https://www.eia.gov/opendata/qb.php?category=717234
dc/base/EPACriteriaAirPollutants_Stations,dc/base/EPACriteriaAirPollutants_Stations,https://aqs.epa.gov/aqsweb/airdata/download_files.html
dc/base/EPACriteriaAirPollutants,dc/base/EPACriteriaAirPollutants,https://aqs.epa.gov/aqsweb/airdata/download_files.html
dc/base/EPA_AirPollutantEmission_Level1,dc/base/EPA_AirPollutantEmission_Level1,https://www.epa.gov/air-emissions-inventories/national-emissions-inventory-nei
dc/base/EPA_GHGRP,dc/base/EPA_GHGRP,https://www.epa.gov/ghgreporting
dc/base/EPA_ParentCompanies,dc/base/EPA_ParentCompanies,https://www.epa.gov/ghgreporting
dc/base/EPA_GHGRPFacilities,dc/base/EPA_GHGRPFacilities,https://www.epa.gov/enviro/greenhouse-gas-overview
dc/base/EPA_GHGRP_ParentCompanies_Ownership,dc/base/EPA_GHGRP_ParentCompanies_Ownership,https://www.epa.gov/ghgreporting
dc/base/EPA_GHGRP_ParentCompanies,dc/base/EPA_GHGRP_ParentCompanies,https://www.epa.gov/ghgreporting
dc/base/EPA_USAirPollutantEmissionTrends_NationalAndState,dc/base/EPA_USAirPollutantEmissionTrends_NationalAndState,https://www.epa.gov/air-emissions-inventories/air-pollutant-emissions-trends-data
dc/base/EPA_USAirPollutantEmissionTrends_County,dc/base/EPA_USAirPollutantEmissionTrends_County,https://www.epa.gov/air-emissions-inventories/air-pollutant-emissions-trends-data
dc/base/EPA_Superfund_SiteContamination,dc/base/EPA_Superfund_SiteContamination,https://www.epa.gov/superfund/superfund-data-and-reports
dc/base/EPA_Superfund_Sites_TarCreek,dc/base/EPA_Superfund_Sites_TarCreek,https://cumulis.epa.gov/supercpad/SiteProfiles/index.cfm?fuseaction=second.scs&id=0601269&doc=Y&colid=33990&region=06&type=SC
dc/base/EPA_Superfund_SiteHazardScore,dc/base/EPA_Superfund_SiteHazardScore,https://edg.epa.gov/metadata/catalog/search/resource/details.page?uuid=https://doi.org/10.23719/1519284
dc/base/GenderIncomeInequality,dc/base/GenderIncomeInequality,https://www.datacommons.org/
dc/base/FBIHateCrimePublications,dc/base/FBIHateCrimePublications,https://cde.ucr.cjis.gov/LATEST/webapp/#/pages/explorer/crime/hate-crime
dc/base/FBIHateCrime,dc/base/FBIHateCrime,https://www.fbi.gov/services/cjis/ucr/hate-crime
dc/base/FireFAMWEB,dc/base/FireFAMWEB,https://fam.nwcg.gov/fam-web/
dc/base/FireWFIGS_AggregatedAreas,dc/base/FireWFIGS_AggregatedAreas,https://data-nifc.opendata.arcgis.com/
dc/base/FireWFIGS,dc/base/FireWFIGS,https://data-nifc.opendata.arcgis.com/
dc/base/FireWFIGS_Perimeter,dc/base/FireWFIGS_Perimeter,https://data-nifc.opendata.arcgis.com/maps/wfigs-wildland-fire-perimeters-full-history
dc/base/NYU_Tennessee_Diabetes,dc/base/NYU_Tennessee_Diabetes,https://www.tn.gov/health/health-program-areas/statistics/health-data/death-statistics.html
dc/base/PlacePageComparisonCohortSets,dc/base/PlacePageComparisonCohortSets,https://datacommons.org
dc/base/RFF_USGridGeo_WeatherVariabilityForecast,dc/base/RFF_USGridGeo_WeatherVariabilityForecast,https://www.rff.org/publications/data-tools/
dc/base/RFF_USCounty_AdditionalWeatherVariabilityHistorical,dc/base/RFF_USCounty_AdditionalWeatherVariabilityHistorical,https://www.rff.org/publications/data-tools/
dc/base/RFF_USCounty_WeatherVariabilityHistorical,dc/base/RFF_USCounty_WeatherVariabilityHistorical,https://www.rff.org/publications/data-tools/
dc/base/RFF_ClimateWildfireSmoke_ParksAbatzoglou,dc/base/RFF_ClimateWildfireSmoke_ParksAbatzoglou,https://doi.org/10.5061/dryad.tmpg4f4x1
dc/base/RFF_ClimateWildfireSmoke_EchoLab,dc/base/RFF_ClimateWildfireSmoke_EchoLab,https://www.stanfordecholab.com/wildfire_smoke
dc/base/RFF_ClimateWildfireSmoke_PRISMComputed,dc/base/RFF_ClimateWildfireSmoke_PRISMComputed,https://www.rff.org/publications/data-tools/
dc/base/RFF_ClimateWildfireSmoke_MTBS,dc/base/RFF_ClimateWildfireSmoke_MTBS,https://www.mtbs.gov
dc/base/USA_DOL_Wages,dc/base/USA_DOL_Wages,https://www.dol.gov/general/topic/wages
dc/base/StormNOAA,dc/base/StormNOAA,https://www.ncdc.noaa.gov/
dc/base/US_UrbanSchool_Covid_Directional_Indicators,dc/base/US_UrbanSchool_Covid_Directional_Indicators,https://ocrdata.ed.gov/
dc/base/US_Texas_Diabetes,dc/base/US_Texas_Diabetes,https://healthdata.dshs.texas.gov/dashboard/births-and-deaths/deaths
dc/base/US_UrbanEducation_School,dc/base/US_UrbanEducation_School,https://educationdata.urban.org/documentation/schools.html
dc/base/WeatherNOAA,dc/base/WeatherNOAA,https://www.noaa.gov/weather
dc/base/GeneratedGraphs,dc/base/GeneratedGraphs,https://datacommons.org/
